{"target":3553,"width":1,"height":1,"params":{"wrapS":10497,"wrapT":10497,"filter":9728,"mipmap":false},"elements":[{"level":0,"color":{"r":0.372549027,"g":0.349019617,"b":0.192156866,"a":0.3647059}}]}