{"target":3553,"width":1,"height":1,"params":{"wrapS":10497,"wrapT":10497,"filter":9728,"mipmap":false},"elements":[{"level":0,"color":{"r":0.129411772,"g":0.1254902,"b":0.129411772,"a":0.431372553}}]}