{"target":3553,"width":1,"height":1,"params":{"wrapS":10497,"wrapT":10497,"filter":9728,"mipmap":false},"elements":[{"level":0,"color":{"r":0.7294118,"g":0.733333349,"b":0.7294118,"a":0.870588243}}]}