{
  "target": 3553,
  "width": 1,
  "height": 1,
  "params": {
    "wrapS": 10497,
    "wrapT": 10497,
    "filter": 9728,
    "mipmap": false
  },
  "elements": [
    {
      "level": 0,
      "color": {
        "r": 0.180392161,
        "g": 0.1764706,
        "b": 0.180392161,
        "a": 0.396078438
      }
    }
  ]
}