{"target":3553,"width":1,"height":1,"params":{"wrapS":10497,"wrapT":10497,"filter":9728,"mipmap":false},"elements":[{"level":0,"color":{"r":0.7254902,"g":0.6745098,"b":0.5647059,"a":0.0470588244}}]}