{"target":3553,"width":1,"height":1,"params":{"wrapS":10497,"wrapT":10497,"filter":9728,"mipmap":false},"elements":[{"level":0,"color":{"r":0.419607848,"g":0.435294122,"b":0.4392157,"a":1.0}}]}