{"target":3553,"width":1,"height":1,"params":{"wrapS":10497,"wrapT":10497,"filter":9728,"mipmap":false},"elements":[{"level":0,"color":{"r":0.6862745,"g":0.7411765,"b":0.6862745,"a":0.0509803928}}]}