{
  "target": 3553,
  "width": 1,
  "height": 1,
  "params": {
    "wrapS": 10497,
    "wrapT": 10497,
    "filter": 9728,
    "mipmap": false
  },
  "elements": [
    {
      "level": 0,
      "color": {
        "r": 0.368627459,
        "g": 0.356862754,
        "b": 0.3529412,
        "a": 1.0
      }
    }
  ]
}