{"target":3553,"width":1,"height":1,"params":{"wrapS":10497,"wrapT":10497,"filter":9728,"mipmap":false},"elements":[{"level":0,"color":{"r":0.5803922,"g":0.572549045,"b":0.545098066,"a":0.0470588244}}]}