{"target":3553,"width":1,"height":1,"params":{"wrapS":10497,"wrapT":10497,"filter":9728,"mipmap":false},"elements":[{"level":0,"color":{"r":0.5137255,"g":0.509803951,"b":0.498039216,"a":1.0}}]}