{"target":3553,"width":1,"height":1,"params":{"wrapS":10497,"wrapT":10497,"filter":9728,"mipmap":false},"elements":[{"level":0,"color":{"r":0.6117647,"g":0.58431375,"b":0.549019635,"a":0.0470588244}}]}