{
  "target": 3553,
  "width": 1,
  "height": 1,
  "params": {
    "wrapS": 10497,
    "wrapT": 10497,
    "filter": 9728,
    "mipmap": false
  },
  "elements": [
    {
      "level": 0,
      "color": {
        "r": 0.3529412,
        "g": 0.34117648,
        "b": 0.321568638,
        "a": 0.0156862754
      }
    }
  ]
}