{"target":3553,"width":1,"height":1,"params":{"wrapS":10497,"wrapT":10497,"filter":9728,"mipmap":false},"elements":[{"level":0,"color":{"r":0.549019635,"g":0.5294118,"b":0.5019608,"a":0.9254902}}]}