{
  "target": 3553,
  "width": 1,
  "height": 1,
  "params": {
    "wrapS": 10497,
    "wrapT": 10497,
    "filter": 9728,
    "mipmap": false
  },
  "elements": [
    {
      "level": 0,
      "color": {
        "r": 0.309803933,
        "g": 0.3019608,
        "b": 0.266666681,
        "a": 1.0
      }
    }
  ]
}