{
  "target": 3553,
  "width": 1,
  "height": 1,
  "params": {
    "wrapS": 10497,
    "wrapT": 10497,
    "filter": 9728,
    "mipmap": false
  },
  "elements": [
    {
      "level": 0,
      "color": {
        "r": 0.105882354,
        "g": 0.09411765,
        "b": 0.07058824,
        "a": 0.0
      }
    }
  ]
}