{"target":3553,"width":1,"height":1,"params":{"wrapS":10497,"wrapT":10497,"filter":9728,"mipmap":false},"elements":[{"level":0,"color":{"r":0.2901961,"g":0.294117659,"b":0.2901961,"a":0.490196079}}]}