{
  "target": 3553,
  "width": 1,
  "height": 1,
  "params": {
    "wrapS": 10497,
    "wrapT": 10497,
    "filter": 9728,
    "mipmap": false
  },
  "elements": [
    {
      "level": 0,
      "color": {
        "r": 0.968627453,
        "g": 0.596078455,
        "b": 0.0,
        "a": 0.4117647
      }
    }
  ]
}